{
  "created": "2026-05-20T09:44:05.814432+00:00",
  "total": {
    "percent": 70.91312794893145,
    "covered": 2555,
    "count": 3603
  },
  "files": {
    "src/cloud_init.rs": {
      "percent": 91.97530864197529,
      "covered": 149,
      "count": 162
    },
    "src/cmd/down.rs": {
      "percent": 74.35158501440921,
      "covered": 258,
      "count": 347
    },
    "src/cmd/mosh.rs": {
      "percent": 73.84615384615385,
      "covered": 48,
      "count": 65
    },
    "src/cmd/prune.rs": {
      "percent": 80.38461538461539,
      "covered": 209,
      "count": 260
    },
    "src/cmd/status.rs": {
      "percent": 82.99319727891157,
      "covered": 122,
      "count": 147
    },
    "src/cmd/up.rs": {
      "percent": 21.41652613827993,
      "covered": 127,
      "count": 593
    },
    "src/cmd/watchdog.rs": {
      "percent": 83.96946564885496,
      "covered": 220,
      "count": 262
    },
    "src/cmd/zed.rs": {
      "percent": 74.24242424242425,
      "covered": 49,
      "count": 66
    },
    "src/config.rs": {
      "percent": 99.73614775725594,
      "covered": 378,
      "count": 379
    },
    "src/hetzner.rs": {
      "percent": 77.33333333333333,
      "covered": 290,
      "count": 375
    },
    "src/http_client.rs": {
      "percent": 65.28925619834712,
      "covered": 79,
      "count": 121
    },
    "src/main.rs": {
      "percent": 0.0,
      "covered": 0,
      "count": 32
    },
    "src/packages.rs": {
      "percent": 98.66666666666667,
      "covered": 74,
      "count": 75
    },
    "src/project.rs": {
      "percent": 94.8051948051948,
      "covered": 73,
      "count": 77
    },
    "src/project_config.rs": {
      "percent": 100.0,
      "covered": 98,
      "count": 98
    },
    "src/ssh.rs": {
      "percent": 0.0,
      "covered": 0,
      "count": 100
    },
    "src/state.rs": {
      "percent": 96.90265486725663,
      "covered": 219,
      "count": 226
    },
    "src/tailscale.rs": {
      "percent": 93.64161849710982,
      "covered": 162,
      "count": 173
    },
    "src/tracing_setup.rs": {
      "percent": 0.0,
      "covered": 0,
      "count": 45
    }
  }
}
