{
  "created": "2026-03-03T07:44:48.096076+00:00",
  "total": {
    "percent": 69.61715992397502,
    "covered": 2564,
    "count": 3683
  },
  "files": {
    "src/cloud_init.rs": {
      "percent": 86.02941176470588,
      "covered": 117,
      "count": 136
    },
    "src/cmd/down.rs": {
      "percent": 70.2127659574468,
      "covered": 132,
      "count": 188
    },
    "src/cmd/mosh.rs": {
      "percent": 73.84615384615385,
      "covered": 48,
      "count": 65
    },
    "src/cmd/pause.rs": {
      "percent": 72.28464419475654,
      "covered": 193,
      "count": 267
    },
    "src/cmd/prune.rs": {
      "percent": 76.49769585253456,
      "covered": 166,
      "count": 217
    },
    "src/cmd/status.rs": {
      "percent": 83.66013071895425,
      "covered": 128,
      "count": 153
    },
    "src/cmd/up.rs": {
      "percent": 45.71118349619978,
      "covered": 421,
      "count": 921
    },
    "src/cmd/zed.rs": {
      "percent": 74.24242424242425,
      "covered": 49,
      "count": 66
    },
    "src/config.rs": {
      "percent": 99.18478260869564,
      "covered": 365,
      "count": 368
    },
    "src/hetzner.rs": {
      "percent": 77.27272727272727,
      "covered": 289,
      "count": 374
    },
    "src/http_client.rs": {
      "percent": 65.28925619834712,
      "covered": 79,
      "count": 121
    },
    "src/main.rs": {
      "percent": 0.0,
      "covered": 0,
      "count": 32
    },
    "src/packages.rs": {
      "percent": 98.8095238095238,
      "covered": 83,
      "count": 84
    },
    "src/project.rs": {
      "percent": 53.48837209302325,
      "covered": 23,
      "count": 43
    },
    "src/project_config.rs": {
      "percent": 100.0,
      "covered": 85,
      "count": 85
    },
    "src/ssh.rs": {
      "percent": 0.0,
      "covered": 0,
      "count": 68
    },
    "src/state.rs": {
      "percent": 80.86642599277978,
      "covered": 224,
      "count": 277
    },
    "src/tailscale.rs": {
      "percent": 93.64161849710982,
      "covered": 162,
      "count": 173
    },
    "src/tracing_setup.rs": {
      "percent": 0.0,
      "covered": 0,
      "count": 45
    }
  }
}
