{
  "created": "2026-05-08T18:07:29.543109+00:00",
  "total": {
    "percent": 65.45397026257514,
    "covered": 2069,
    "count": 3161
  },
  "files": {
    "src/cloud_init.rs": {
      "percent": 87.58169934640523,
      "covered": 134,
      "count": 153
    },
    "src/cmd/down.rs": {
      "percent": 69.23076923076923,
      "covered": 126,
      "count": 182
    },
    "src/cmd/mosh.rs": {
      "percent": 73.84615384615385,
      "covered": 48,
      "count": 65
    },
    "src/cmd/pause.rs": {
      "percent": 70.98039215686275,
      "covered": 181,
      "count": 255
    },
    "src/cmd/prune.rs": {
      "percent": 76.49769585253456,
      "covered": 166,
      "count": 217
    },
    "src/cmd/status.rs": {
      "percent": 82.99319727891157,
      "covered": 122,
      "count": 147
    },
    "src/cmd/up.rs": {
      "percent": 16.068052930056712,
      "covered": 85,
      "count": 529
    },
    "src/cmd/zed.rs": {
      "percent": 74.24242424242425,
      "covered": 49,
      "count": 66
    },
    "src/config.rs": {
      "percent": 99.18478260869564,
      "covered": 365,
      "count": 368
    },
    "src/hetzner.rs": {
      "percent": 77.27272727272727,
      "covered": 289,
      "count": 374
    },
    "src/http_client.rs": {
      "percent": 65.28925619834712,
      "covered": 79,
      "count": 121
    },
    "src/main.rs": {
      "percent": 0.0,
      "covered": 0,
      "count": 32
    },
    "src/packages.rs": {
      "percent": 98.66666666666667,
      "covered": 74,
      "count": 75
    },
    "src/project.rs": {
      "percent": 53.48837209302325,
      "covered": 23,
      "count": 43
    },
    "src/project_config.rs": {
      "percent": 100.0,
      "covered": 85,
      "count": 85
    },
    "src/ssh.rs": {
      "percent": 0.0,
      "covered": 0,
      "count": 100
    },
    "src/state.rs": {
      "percent": 61.832061068702295,
      "covered": 81,
      "count": 131
    },
    "src/tailscale.rs": {
      "percent": 93.64161849710982,
      "covered": 162,
      "count": 173
    },
    "src/tracing_setup.rs": {
      "percent": 0.0,
      "covered": 0,
      "count": 45
    }
  }
}
