{
  "created": "2026-02-20T09:25:00.271797+00:00",
  "total": {
    "percent": 64.3500180050414,
    "covered": 1787,
    "count": 2777
  },
  "files": {
    "src/cmd/down.rs": {
      "percent": 73.96449704142012,
      "covered": 125,
      "count": 169
    },
    "src/cmd/mosh.rs": {
      "percent": 73.84615384615385,
      "covered": 48,
      "count": 65
    },
    "src/cmd/pause.rs": {
      "percent": 75.31380753138075,
      "covered": 180,
      "count": 239
    },
    "src/cmd/prune.rs": {
      "percent": 76.49769585253456,
      "covered": 166,
      "count": 217
    },
    "src/cmd/status.rs": {
      "percent": 82.99319727891157,
      "covered": 122,
      "count": 147
    },
    "src/cmd/up.rs": {
      "percent": 13.738019169329077,
      "covered": 86,
      "count": 626
    },
    "src/cmd/zed.rs": {
      "percent": 74.24242424242425,
      "covered": 49,
      "count": 66
    },
    "src/config.rs": {
      "percent": 99.4186046511628,
      "covered": 342,
      "count": 344
    },
    "src/hetzner.rs": {
      "percent": 73.8359201773836,
      "covered": 333,
      "count": 451
    },
    "src/main.rs": {
      "percent": 0.0,
      "covered": 0,
      "count": 11
    },
    "src/project.rs": {
      "percent": 53.48837209302325,
      "covered": 23,
      "count": 43
    },
    "src/project_config.rs": {
      "percent": 100.0,
      "covered": 59,
      "count": 59
    },
    "src/state.rs": {
      "percent": 46.15384615384615,
      "covered": 36,
      "count": 78
    },
    "src/tailscale.rs": {
      "percent": 83.20610687022901,
      "covered": 218,
      "count": 262
    }
  }
}
